concept1,concept2,truthValue,relation,value
2_legs,bird,0.8,relationType,l
2_legs,duck,0.8,relationType,l
2_legs,legs,0.8,relationType,l
4_legs,legs,0.8,relationType,l
4_legs,mammal,0.8,relationType,l
animal,bird,0.8,relationType,l
animal,mammal,0.1,relationType,l
animal,nature,0.8,relationType,l
beak,bird,0.8,relationType,l
breast_feeding,mammal,0.8,relationType,l
bird,duck,0.8,relationType,l
bird,eggs,0.8,relationType,l
bever,flat_tail,0.8,relationType,l
bever,mammal,0.8,relationType,l
bird,flying,0.8,relationType,l
bird,lapwing,0.8,relationType,l
bird,mammal,0.1,relationType,l
bird,walking,0.6,relationType,l
bird,wings,0.8,relationType,l
circus,clown,0.8,relationType,l
clown,colorful_wig,0.8,relationType,l
clown,person,0.8,relationType,l
clown,red_nose,0.8,relationType,l
colorful,colorful_wig,0.8,relationType,l
colorful_wig,wig,0.8,relationType,l
duck,swimming,0.8,relationType,l
duck,webbed_toes,0.8,relationType,l
flying,wings,0.8,relationType,l
fur,mammal,0.8,relationType,l
mammal,person,0.8,relationType,l
mammal,seal,0.8,relationType,l
man,person,0.8,relationType,l
metro,person,0.8,relationType,l
nose,red_nose,0.8,relationType,l
red,red_nose,0.8,relationType,l
plant,rose,0.8,relationType,l
leafs,plant,0.8,relationType,l
flower,rose,0.8,relationType,l
color,red,0.8,relationType,l
red,rose,0.8,relationType,l
pain,thorns,0.8,relationType,l
rose,thorns,0.8,relationType,l
rose,stem,0.8,relationType,l
love,beauty,0.8,relationType,l
love,emotion,0.8,relationType,l
love,pain,0.8,relationType,l
love,red,0.8,relationType,f
beauty,rose,0.8,relationType,f
photosynthesis,plant,0.8,relationType,l
